{
    "M": [
        [
            1.0,
            0.0,
            0.0,
            -1.6453793151398333e-07
        ],
        [
            0.0,
            1.0,
            0.0,
            -0.183
        ],
        [
            0.0,
            0.0,
            1.0,
            1.970997255017423
        ],
        [
            0.0,
            0.0,
            0.0,
            1.0
        ]
    ],
    "Slist": [
        [
            -0.0,
            -0.256,
            -0.18299999999994662,
            -1.170997255017423,
            -1.3877787807814457e-17,
            -1.755997255017423,
            -0.183
        ],
        [
            -0.0,
            -0.0,
            5.515383636709333e-07,
            0.0,
            1.6453793151398333e-07,
            0.0,
            1.6453793151398333e-07
        ],
        [
            -0.0,
            -0.0,
            -1.3975176615405384e-07,
            -1.6453793151398333e-07,
            -0.0,
            -1.6453793151398333e-07,
            -0.0
        ],
        [
            0.0,
            0.0,
            7.636708533008407e-07,
            0.0,
            0.0,
            0.0,
            0.0
        ],
        [
            0.0,
            1.0,
            0.0,
            1.0,
            0.0,
            1.0,
            0.0
        ],
        [
            1.0,
            0.0,
            -0.9999999999997083,
            0.0,
            1.0,
            0.0,
            1.0
        ]
    ],
    "Blist": [
        [
            0.183,
            1.714997255017423,
            -0.36599999999989324,
            0.8,
            0.183,
            0.21500000000000008,
            0.0
        ],
        [
            -1.6453793151398333e-07,
            0.0,
            -7.891168604079016e-07,
            0.0,
            0.0,
            0.0,
            0.0
        ],
        [
            0.0,
            1.6453793151398333e-07,
            -2.795035323081077e-07,
            0.0,
            0.0,
            0.0,
            0.0
        ],
        [
            0.0,
            0.0,
            7.636708533008407e-07,
            0.0,
            0.0,
            0.0,
            0.0
        ],
        [
            0.0,
            1.0,
            0.0,
            1.0,
            0.0,
            1.0,
            0.0
        ],
        [
            1.0,
            0.0,
            -0.9999999999997083,
            0.0,
            1.0,
            0.0,
            1.0
        ]
    ],
    "Mlist": [
        [
            [
                1.0,
                0.0,
                0.0,
                0.0
            ],
            [
                0.0,
                1.0,
                0.0,
                0.0
            ],
            [
                0.0,
                0.0,
                1.0,
                0.128
            ],
            [
                0.0,
                0.0,
                0.0,
                1.0
            ]
        ],
        [
            [
                1.0,
                0.0,
                0.0,
                0.0
            ],
            [
                0.0,
                1.0,
                0.0,
                0.0915
            ],
            [
                0.0,
                0.0,
                1.0,
                0.128
            ],
            [
                0.0,
                0.0,
                0.0,
                1.0
            ]
        ],
        [
            [
                0.9997610141351473,
                0.0,
                0.021861258322928692,
                0.0
            ],
            [
                0.0,
                1.0,
                0.0,
                0.0915
            ],
            [
                -0.021861258322928692,
                0.0,
                0.9997610141351473,
                0.4662200000000001
            ],
            [
                0.0,
                0.0,
                0.0,
                1.0
            ]
        ],
        [
            [
                0.9997610141351473,
                0.0,
                -0.021861258322928692,
                -0.009811000000000004
            ],
            [
                0.0,
                1.0,
                0.0,
                -0.07824
            ],
            [
                0.021861258322928692,
                0.0,
                0.9997610141351473,
                0.44867000000000024
            ],
            [
                0.0,
                0.0,
                0.0,
                1.0
            ]
        ],
        [
            [
                1.0,
                0.0,
                0.0,
                0.0
            ],
            [
                0.0,
                1.0,
                0.0,
                -0.10476
            ],
            [
                0.0,
                0.0,
                1.0,
                0.13949999999999996
            ],
            [
                0.0,
                0.0,
                0.0,
                1.0
            ]
        ],
        [
            [
                1.0,
                0.0,
                0.0,
                0.0
            ],
            [
                0.0,
                1.0,
                0.0,
                -0.0915
            ],
            [
                0.0,
                0.0,
                1.0,
                0.4455
            ],
            [
                0.0,
                0.0,
                0.0,
                1.0
            ]
        ],
        [
            [
                1.0,
                0.0,
                0.0,
                0.0
            ],
            [
                0.0,
                1.0,
                0.0,
                -0.09149999999999998
            ],
            [
                0.0,
                0.0,
                1.0,
                0.1280000000000001
            ],
            [
                0.0,
                0.0,
                0.0,
                1.0
            ]
        ],
        [
            [
                1.0,
                0.0,
                0.0,
                0.0
            ],
            [
                0.0,
                1.0,
                0.0,
                0.0
            ],
            [
                0.0,
                0.0,
                1.0,
                0.08699999999999997
            ],
            [
                0.0,
                0.0,
                0.0,
                1.0
            ]
        ]
    ],